{
    "Judi": {
        "precision": 0.7692307692307693,
        "recall": 0.6666666666666666,
        "f1-score": 0.7142857142857143,
        "support": 15.0
    },
    "Kta": {
        "precision": 0.7857142857142857,
        "recall": 0.7333333333333333,
        "f1-score": 0.7586206896551724,
        "support": 15.0
    },
    "Penipuan": {
        "precision": 0.896551724137931,
        "recall": 0.9285714285714286,
        "f1-score": 0.9122807017543859,
        "support": 28.0
    },
    "Promo": {
        "precision": 0.8809523809523809,
        "recall": 0.925,
        "f1-score": 0.9024390243902439,
        "support": 40.0
    },
    "accuracy": 0.8571428571428571,
    "macro avg": {
        "precision": 0.8331122900088418,
        "recall": 0.813392857142857,
        "f1-score": 0.821906532521379,
        "support": 98.0
    },
    "weighted avg": {
        "precision": 0.8537318299809503,
        "recall": 0.8571428571428571,
        "f1-score": 0.8544389457535292,
        "support": 98.0
    },
    "__accuracy__": 0.8571428571428571
}