{
    "Non_Spam": {
        "precision": 0.9230769230769231,
        "recall": 0.96,
        "f1-score": 0.9411764705882353,
        "support": 25.0
    },
    "Spam_Baik": {
        "precision": 0.8163265306122449,
        "recall": 0.9090909090909091,
        "f1-score": 0.8602150537634409,
        "support": 44.0
    },
    "Spam_Merugikan": {
        "precision": 0.9523809523809523,
        "recall": 0.8695652173913043,
        "f1-score": 0.9090909090909091,
        "support": 69.0
    },
    "accuracy": 0.8985507246376812,
    "macro avg": {
        "precision": 0.8972614686900401,
        "recall": 0.9128853754940711,
        "f1-score": 0.9034941444808617,
        "support": 138.0
    },
    "weighted avg": {
        "precision": 0.9036925807112143,
        "recall": 0.8985507246376812,
        "f1-score": 0.899319904765,
        "support": 138.0
    },
    "__accuracy__": 0.8985507246376812
}